report,code_reasoning_group,n_instances,n_resolved
mini_sbv_claude-4-5-opus-high_allreasoning,with_code_reasoning,452,349
mini_sbv_claude-4-5-opus-high_allreasoning,without_code_reasoning,48,35
mini_sbv_gpt-5-2-high_allreasoning,with_code_reasoning,58,47
mini_sbv_gpt-5-2-high_allreasoning,without_code_reasoning,442,317
mini_sbv_minimax-2-5-high_allreasoning,with_code_reasoning,459,346
mini_sbv_minimax-2-5-high_allreasoning,without_code_reasoning,41,33
mini_sbp_claude-opus-4_allreasoning,with_code_reasoning,199,55
mini_sbp_claude-opus-4_allreasoning,without_code_reasoning,532,107
mini_sbp_gpt-5_allreasoning,with_code_reasoning,91,46
mini_sbp_gpt-5_allreasoning,without_code_reasoning,640,219
icat_sbv_minimax-2.5_allreasoning,with_code_reasoning,484,383
icat_sbv_minimax-2.5_allreasoning,without_code_reasoning,16,14
icat_sbp_gpt-5.4_allreasoning,with_code_reasoning,323,216
icat_sbp_gpt-5.4_allreasoning,without_code_reasoning,408,260
icat_sbp_sonnet-4.5_allreasoning,with_code_reasoning,619,389
icat_sbp_sonnet-4.5_allreasoning,without_code_reasoning,112,52
openhands_sbv_claude-opus-4-5_allreasoning,with_code_reasoning,443,338
openhands_sbv_claude-opus-4-5_allreasoning,without_code_reasoning,57,25
openhands_sbv_gpt-5.5_allreasoning,with_code_reasoning,122,111
openhands_sbv_gpt-5.5_allreasoning,without_code_reasoning,378,280
openhands_sbv_minimax-m2.5_allreasoning,with_code_reasoning,473,349
openhands_sbv_minimax-m2.5_allreasoning,without_code_reasoning,27,14
sonar_sbv_claude-opus-4-5_allreasoning,with_code_reasoning,455,358
sonar_sbv_claude-opus-4-5_allreasoning,without_code_reasoning,45,38
claudecode_sbp_gpt-5.4_allreasoning,with_code_reasoning,582,366
claudecode_sbp_gpt-5.4_allreasoning,without_code_reasoning,149,77
experepair_sbl_claude-sonnet-4_allreasoning,with_code_reasoning,300,181
experepair_sbl_claude-sonnet-4_allreasoning,without_code_reasoning,0,0
